TrackId,ReleaseDate
1,20070117
6,20070218
7,20071115
8,20071013
9,20071008
10,20070919
11,20070228
12,20070612
13,20070215
14,20070206
15,20070702
16,20070716
17,20070522
18,20070726
19,20070226
20,20071126
21,20070325
22,20071218
23,20070512
24,20070904
25,20071019
26,20070415
27,20070803
28,20070621
29,20071114
30,20070318
31,20070222
32,20071002
33,20070206
34,20070806
35,20070515
36,20070104
37,20071223
38,20070302
39,20070518
40,20070423
41,20071116
42,20070625
43,20070902
44,20070603
45,20070307
46,20070414
47,20070806
48,20070325
49,20070823
50,20070918
51,20071226
52,20070127
53,20071122
54,20070325
55,20070710
56,20070824
57,20071017
58,20070212
59,20070403
60,20070918
61,20070406
62,20070505
63,20071024
64,20071023
65,20070205
66,20071006
67,20070606
68,20070203
69,20070407
70,20071209
71,20070501
72,20070512
73,20071013
74,20070226
75,20070623
76,20070906
77,20071116
78,20070312
79,20070613
80,20070713
81,20070505
82,20070428
83,20070813
84,20070202
85,20070609
86,20070722
87,20071220
88,20070413
89,20070312
90,20071215
91,20071109
92,20070618
93,20070708
94,20070201
95,20070809
96,20070822
97,20070324
98,20070105
99,20070417
100,20070914
101,20071016
102,20070317
103,20070201
104,20070306
105,20071018
106,20070721
107,20070707
108,20070115
109,20070623
110,20070719
111,20071214
112,20070717
113,20070308
114,20070810
115,20070703
116,20071116
117,20070917
118,20070316
119,20071008
120,20070411
121,20070615
122,20070121
123,20070820
124,20070102
125,20070103
126,20070602
127,20070224
128,20071201
129,20070617
130,20070618
131,20070909
132,20070411
133,20071009
134,20070813
135,20070422
136,20070907
137,20070715
138,20071221
139,20070407
140,20070112
141,20070516
142,20070612
143,20071217
144,20070826
145,20070712
146,20070923
147,20071119
148,20070403
149,20071209
150,20070603
151,20070421
152,20071007
153,20070717
154,20070406
155,20070922
156,20071111
157,20071223
158,20071028
159,20070718
160,20071001
161,20070605
162,20070606
163,20070124
164,20070804
165,20071021
166,20070601
167,20070415
168,20071010
169,20070224
170,20071121
171,20070525
172,20070606
173,20071016
174,20071016
175,20071217
176,20070909
177,20070622
178,20070502
179,20070104
180,20070704
181,20070728
182,20070615
183,20070514
184,20071213
185,20070627
186,20070927
187,20070719
188,20070913
189,20070314
190,20070212
191,20070206
192,20070710
193,20071125
194,20070508
195,20070806
196,20070404
197,20070501
198,20070308
199,20070426
200,20070115
201,20070504
202,20070221
203,20071004
204,20070407
205,20070524
206,20071004
207,20070727
208,20070615
209,20070528
210,20070127
211,20070603
212,20070309
213,20071210
214,20070728
215,20070428
216,20070808
217,20071222
218,20070411
219,20070913
220,20070402
221,20071023
222,20071226
223,20070926
224,20070504
225,20070602
226,20070402
227,20070525
228,20070217
229,20071108
230,20070127
231,20071026
232,20071117
233,20070902
234,20070705
235,20070511
236,20070502
237,20071112
238,20071124
239,20070225
240,20071010
241,20071014
242,20071125
243,20070924
244,20071119
245,20070326
246,20070501
247,20070402
248,20070407
249,20070616
250,20071023
251,20070911
252,20070812
253,20071220
254,20070323
255,20071027
256,20070110
257,20070718
258,20070301
259,20071225
260,20070309
261,20070322
262,20070726
263,20071113
264,20070104
265,20070215
266,20070117
267,20070812
268,20071209
269,20070425
270,20071021
271,20070905
272,20070128
273,20070914
274,20070703
275,20071216
276,20070608
277,20070821
278,20070115
279,20070404
280,20070720
281,20070815
282,20070518
283,20071221
284,20070722
285,20070810
286,20071205
287,20070605
288,20070903
289,20070119
290,20070202
291,20070221
292,20070515
293,20070713
294,20070115
295,20071126
296,20070712
297,20070711
298,20070606
299,20070725
300,20070405
301,20070127
302,20070811
303,20071101
304,20070315
305,20070916
306,20070804
307,20070421
308,20071217
309,20070802
310,20070921
311,20070221
312,20070812
313,20070406
314,20070920
315,20070223
316,20070319
317,20070220
318,20070617
319,20071025
320,20070226
321,20070216
322,20070222
323,20070607
324,20070127
325,20071207
326,20070601
327,20070923
328,20070618
329,20070211
330,20070603
331,20070818
332,20070702
333,20071018
334,20071001
335,20070119
336,20070327
337,20070322
338,20070804
339,20070410
340,20071021
341,20070522
342,20070706
343,20070320
344,20070902
345,20070626
346,20070408
347,20071123
348,20070711
349,20070805
350,20070902
351,20071215
352,20070205
353,20070221
354,20070520
355,20070621
356,20070415
357,20071219
358,20070816
359,20070702
360,20070609
361,20070208
362,20070519
363,20071225
364,20070921
365,20071016
366,20070226
367,20070427
368,20071226
369,20070713
370,20070811
371,20070710
372,20070715
373,20071119
374,20070617
375,20070810
376,20071120
377,20070911
378,20070702
379,20070305
380,20070117
381,20071105
382,20070603
383,20071104
384,20070320
385,20070708
386,20070212
387,20070507
388,20070327
389,20070316
390,20071120
391,20070122
392,20071113
393,20070618
394,20070213
395,20071115
396,20070313
397,20070605
398,20071202
399,20070404
400,20070715
401,20070906
402,20070501
403,20071118
404,20070323
405,20070313
406,20070219
407,20070908
408,20070128
409,20070216
410,20070510
411,20070524
412,20070709
413,20070324
414,20070609
415,20070916
416,20070926
417,20070423
418,20071009
419,20070327
420,20070420
421,20071023
422,20071017
423,20070616
424,20070115
425,20070709
426,20070909
427,20070126
428,20070716
429,20070227
430,20071027
431,20070923
432,20070926
433,20070801
434,20070502
435,20070912
436,20070609
437,20070226
438,20070523
439,20070712
440,20070914
441,20070223
442,20070726
443,20071220
444,20070810
445,20071114
446,20070815
447,20070422
448,20070104
449,20070805
450,20070919
451,20070809
452,20070425
453,20070927
454,20070207
455,20070922
456,20071006
457,20071211
458,20071207
459,20071104
460,20071120
461,20070827
462,20071016
463,20070801
464,20071021
465,20070409
466,20070401
467,20070716
468,20070426
469,20071203
470,20070609
471,20070414
472,20070708
473,20070227
474,20070306
475,20071006
476,20070502
477,20071004
478,20070425
479,20070807
480,20070127
481,20071008
482,20071226
483,20071014
484,20070621
485,20070415
486,20070215
487,20071027
488,20070726
489,20071219
490,20070718
491,20070308
492,20071018
493,20070217
494,20071012
495,20071016
496,20071101
497,20070717
498,20070919
499,20070725
500,20071108
501,20071007
502,20071021
503,20070105
504,20070923
505,20070420
506,20070313
507,20070319
508,20070121
509,20071128
510,20070214
511,20070320
512,20070225
513,20071018
514,20070809
515,20070919
516,20070808
517,20071014
518,20070920
519,20071119
520,20071101
521,20071107
522,20070506
523,20070326
524,20070304
525,20070528
526,20070822
527,20071110
528,20070204
529,20070101
530,20070724
531,20070226
532,20070520
533,20071101
534,20070921
535,20070106
536,20071118
537,20070412
538,20071017
539,20070106
540,20070319
541,20071028
542,20070618
543,20070704
544,20071024
545,20071019
546,20070717
547,20070315
548,20070920
549,20071019
550,20070226
551,20071112
552,20070615
553,20070109
554,20070721
555,20070103
556,20071206
557,20070921
558,20070801
559,20070707
560,20070327
561,20070727
562,20070610
563,20070807
564,20070428
565,20070119
566,20070815
567,20070106
568,20071005
569,20070303
570,20070603
571,20070912
572,20070628
573,20071223
574,20070115
575,20070823
576,20071027
577,20070618
578,20070925
579,20071011
580,20070314
581,20070126
582,20071016
583,20070628
584,20070115
585,20070624
586,20070119
587,20070916
588,20071214
589,20070116
590,20070511
591,20071111
592,20071206
593,20070513
594,20070824
595,20070204
596,20070406
597,20070103
598,20070616
599,20070701
600,20070925
601,20071215
602,20070403
603,20071111
604,20070117
605,20070709
606,20071021
607,20071113
608,20070406
609,20070223
610,20070417
611,20071004
612,20070408
613,20070113
614,20070325
615,20070122
616,20070305
617,20071114
618,20070725
619,20070507
620,20070409
621,20071223
622,20071101
623,20071127
624,20071228
625,20070422
626,20070412
627,20070319
628,20071014
629,20070221
630,20070708
631,20070528
632,20070113
633,20070624
634,20070126
635,20071127
636,20070827
637,20070928
638,20070421
639,20070403
640,20070402
641,20070818
642,20070127
643,20070314
644,20070104
645,20071028
646,20070904
647,20070611
648,20070925
649,20070610
650,20070827
651,20070621
652,20070810
653,20070122
654,20070119
655,20070228
656,20071127
657,20070424
658,20070503
659,20070506
660,20071104
661,20070114
662,20071218
663,20071122
664,20070422
665,20071209
666,20070202
667,20070227
668,20070721
669,20070806
670,20071003
671,20070711
672,20071002
673,20070419
674,20070918
675,20070509
676,20071109
677,20070115
678,20070316
679,20070226
680,20070618
681,20070321
682,20070101
683,20070806
684,20071107
685,20070428
686,20070111
687,20070822
688,20070516
689,20070701
690,20070822
691,20070503
692,20071012
693,20070819
694,20071210
695,20070508
696,20070228
697,20070303
698,20070315
699,20070104
700,20070621
701,20070312
702,20070904
703,20070207
704,20071126
705,20070521
706,20071002
707,20070915
708,20070820
709,20071027
710,20070421
711,20070814
712,20070811
713,20071215
714,20070625
715,20070207
716,20071011
717,20070806
718,20070120
719,20070917
720,20070714
721,20070902
722,20070712
723,20071112
724,20071113
725,20071105
726,20071104
727,20071003
728,20070522
729,20070220
730,20070613
731,20071215
732,20070110
733,20070904
734,20070102
735,20070716
736,20070509
737,20070118
738,20070212
739,20070128
740,20070201
741,20071215
742,20070708
743,20070517
744,20070110
745,20070614
746,20070216
747,20070415
748,20070110
749,20071013
750,20070811
751,20070927
752,20070611
753,20070128
754,20070202
755,20070515
756,20070704
757,20070814
758,20070907
759,20070613
760,20070409
761,20070808
762,20070513
763,20070210
764,20070313
765,20070607
766,20070824
767,20070401
768,20071013
769,20070111
770,20070417
771,20071028
772,20070818
773,20071020
774,20070811
775,20070607
776,20070407
777,20071127
778,20070222
779,20070801
780,20070626
781,20071212
782,20071005
783,20070318
784,20070321
785,20070517
786,20071217
787,20071208
788,20071013
789,20071013
790,20070101
791,20070501
792,20070309
793,20071015
794,20070907
795,20070622
796,20070618
797,20071224
798,20070618
799,20070301
800,20071111
801,20070827
802,20070714
803,20070913
804,20070113
805,20071017
806,20070920
807,20070125
808,20070423
809,20071219
810,20070823
811,20071015
812,20071026
813,20071008
814,20070103
815,20071118
816,20070426
817,20070216
818,20070104
819,20070202
820,20070902
821,20070410
822,20070901
823,20070513
824,20071001
825,20071010
826,20070415
827,20070409
828,20071110
829,20070116
830,20070601
831,20070628
832,20070603
833,20070704
834,20070303
835,20070105
836,20070215
837,20070117
838,20070922
839,20070506
840,20070113
841,20070427
842,20070714
843,20070427
844,20070305
845,20070412
846,20070723
847,20070409
848,20070703
849,20070827
850,20070128
851,20070502
852,20071210
853,20070111
854,20070619
855,20070710
856,20070620
857,20070703
858,20071028
859,20070422
860,20071206
861,20070923
862,20070608
863,20070203
864,20070220
865,20071121
866,20070411
867,20070603
868,20071127
869,20071009
870,20071005
871,20070305
872,20070202
873,20071021
874,20070916
875,20070301
876,20070628
877,20070325
878,20070606
879,20070416
880,20071124
881,20070125
882,20070122
883,20070615
884,20070609
885,20070327
886,20071021
887,20070726
888,20071006
889,20070215
890,20071211
891,20070425
892,20070222
893,20071108
894,20071101
895,20070624
896,20070205
897,20070504
898,20070515
899,20070922
900,20070505
901,20071005
902,20071220
903,20071021
904,20070822
905,20070724
906,20071122
907,20070713
908,20070509
909,20070504
910,20070303
911,20070810
912,20070710
913,20070511
914,20070607
915,20070202
916,20070612
917,20071220
918,20071025
919,20070328
920,20070305
921,20070512
922,20071011
923,20070806
924,20070601
925,20071103
926,20071116
927,20070317
928,20070323
929,20070625
930,20070706
931,20070214
932,20070503
933,20070716
934,20071102
935,20070519
936,20070803
937,20071005
938,20070206
939,20070606
940,20071228
941,20071228
942,20070728
943,20071204
944,20070909
945,20070613
946,20071004
947,20070219
948,20070612
949,20070306
950,20071021
951,20070315
952,20070113
953,20070624
954,20070416
955,20070228
956,20071222
957,20071009
958,20070121
959,20070802
960,20070401
961,20071101
962,20071120
963,20070226
964,20070804
965,20070518
966,20070409
967,20070309
968,20070806
969,20070112
970,20070815
971,20070702
972,20070617
973,20071106
974,20070226
975,20070524
976,20070101
977,20071110
978,20070815
979,20070501
980,20070301
981,20071206
982,20070506
983,20070609
984,20071018
985,20070616
986,20070716
987,20070710
988,20070618
989,20071127
990,20070124
991,20070213
992,20070309
993,20070710
994,20071207
995,20070119
996,20070608
997,20070519
998,20070326
999,20070507
1000,20071227
1001,20070318
1002,20070927
1003,20070725
1004,20070321
1005,20070122
1006,20071113
1007,20070514
1008,20070524
1009,20071124
1010,20070321
1011,20071025
1012,20070213
1013,20070526
1014,20070208
1015,20070512
1016,20070403
1017,20071016
1018,20070424
1019,20071003
1020,20070207
1021,20071111
1022,20070922
1023,20071014
1024,20070225
1025,20070914
1026,20070424
1027,20070323
1028,20070923
1029,20070306
1030,20070918
1031,20070928
1032,20070220
1033,20070726
1034,20070110
1035,20070924
1036,20071014
1037,20070823
1038,20070323
1039,20070414
1040,20070404
1041,20070914
1042,20070227
1043,20070924
1044,20070421
1045,20071120
1046,20070909
1047,20070618
1048,20070206
1049,20070410
1050,20070109
1051,20070608
1052,20070914
1053,20070920
1054,20070409
1055,20070928
1056,20070110
1057,20070210
1058,20070926
1059,20070227
1060,20070913
1061,20070417
1062,20070419
1063,20070222
1064,20070217
1065,20070104
1066,20070909
1067,20070601
1068,20070404
1069,20070726
1070,20071209
1071,20071119
1072,20070702
1073,20071001
1074,20070322
1075,20070604
1076,20070626
1077,20070925
1078,20070725
1079,20070423
1080,20070406
1081,20070811
1082,20070520
1083,20070823
1084,20070803
1085,20071120
1086,20070917
1087,20070226
1088,20070128
1089,20070223
1090,20071105
1091,20070818
1092,20071013
1093,20070704
1094,20070823
1095,20070118
1096,20071124
1097,20071128
1098,20070424
1099,20071121
1100,20070201
1101,20070312
1102,20070113
1103,20071220
1104,20071112
1105,20070812
1106,20070927
1107,20070412
1108,20070106
1109,20070717
1110,20070117
1111,20070916
1112,20071105
1113,20071210
1114,20071215
1115,20070714
1116,20070912
1117,20070309
1118,20070721
1119,20071225
1120,20070815
1121,20071115
1122,20070517
1123,20070209
1124,20070628
1125,20070827
1126,20070411
1127,20070903
1128,20070714
1129,20070319
1130,20070208
1131,20070212
1132,20070218
1133,20070801
1134,20070911
1135,20071225
1136,20070804
1137,20070228
1138,20070217
1139,20070124
1140,20071109
1141,20070116
1142,20071017
1143,20071025
1144,20071217
1145,20070102
1174,20071105
1175,20070706
1176,20070612
1177,20071212
1178,20071213
1179,20070316
1180,20070207
1181,20070912
1182,20070314
1183,20070303
1184,20070326
1185,20070302
1186,20070922
1187,20070508
1188,20070501
1189,20070605
1190,20070906
1191,20070727
1192,20070101
1193,20070803
1194,20070620
1195,20070610
1196,20070603
1197,20070210
1198,20070804
1199,20070125
1200,20070809
1212,20070325
1213,20070608
1214,20070127
1215,20070902
1216,20071021
1217,20071022
1218,20070221
1219,20070103
1220,20070203
1221,20071224
1222,20071223
1223,20071221
1224,20070503
1225,20070906
1226,20070324
1227,20070903
1228,20070104
1229,20070124
1230,20070115
1231,20071027
1232,20070117
1233,20070610
1234,20070610
1235,20071010
1236,20070119
1237,20070201
1238,20070512
1239,20070723
1240,20070103
1241,20070814
1242,20070921
1243,20070726
1244,20070602
1245,20071217
1246,20070724
1247,20070407
1248,20070728
1249,20070515
1250,20070514
1251,20070528
1252,20070317
1253,20070924
1254,20070328
1255,20071105
1256,20070312
1257,20070923
1258,20070321
1259,20070128
1260,20070825
1261,20070705
1262,20070416
1263,20071125
1264,20070522
1265,20070616
1266,20070521
1267,20070208
1268,20070123
1269,20070415
1270,20070318
1271,20071014
1272,20070907
1273,20070814
1274,20070426
1275,20070422
1276,20070325
1277,20070801
1278,20070704
1279,20070616
1280,20070513
1281,20070926
1282,20070627
1283,20071213
1284,20070718
1285,20070819
1286,20070216
1287,20070726
1288,20070914
1289,20070312
1290,20070628
1291,20070528
1292,20071121
1293,20070715
1294,20070518
1295,20070424
1296,20070523
1297,20070615
1298,20070506
1299,20070416
1300,20070523
1301,20070205
1302,20070513
1303,20070720
1304,20070404
1305,20070707
1306,20071203
1307,20071109
1308,20070804
1309,20071027
1310,20070307
1311,20070816
1312,20070101
1313,20070123
1314,20070125
1315,20070312
1316,20070828
1317,20070402
1318,20070528
1319,20070918
1320,20070303
1321,20071105
1322,20070814
1323,20070608
1324,20071124
1325,20070316
1326,20070919
1327,20070726
1328,20070408
1329,20071202
1330,20070519
1331,20070515
1332,20071222
1333,20070521
1334,20070112
1335,20070312
1336,20070114
1337,20070819
1338,20070323
1339,20070515
1340,20070212
1341,20071214
1342,20070120
1343,20070910
1344,20071209
1345,20070207
1346,20070617
1347,20070425
1348,20070320
1349,20070724
1350,20071013
1351,20070904
1352,20070126
1353,20071106
1354,20071024
1355,20070708
1356,20070202
1357,20070723
1358,20070418
1359,20070725
1360,20071216
1361,20070415
1362,20070507
1363,20070804
1364,20070324
1365,20070520
1366,20070813
1367,20070408
1368,20070926
1369,20071228
1370,20070528
1371,20070611
1372,20070514
1373,20070404
1374,20070324
1375,20070817
1376,20070625
1377,20070105
1378,20070503
1379,20071228
1380,20071116
1381,20071105
1382,20070402
1383,20070207
1384,20071106
1385,20070614
1386,20071019
1387,20070301
1388,20071017
1389,20071115
1390,20070802
1391,20070903
1392,20071107
1393,20070116
1394,20070621
1395,20070817
1396,20070702
1397,20070423
1398,20070624
1399,20070317
1400,20071126
1401,20070411
1402,20070519
1403,20071016
1404,20071008
1405,20070713
1406,20070718
1407,20071222
1408,20070712
1409,20070115
1410,20071204
1411,20070204
1412,20070926
1413,20071210
1414,20070421
1415,20070509
1416,20070524
1417,20070421
1418,20070627
1419,20070407
1420,20070720
1421,20071102
1422,20070108
1423,20070508
1424,20070903
1425,20070203
1426,20070918
1427,20070608
1428,20070319
1429,20070523
1430,20070421
1431,20070324
1432,20070310
1433,20070817
1434,20070314
1435,20070709
1436,20070819
1437,20070517
1438,20070116
1439,20070615
1440,20070914
1441,20070203
1442,20070202
1443,20071113
1444,20070425
1445,20071226
1446,20070321
1447,20070716
1448,20070624
1449,20070824
1450,20070720
1451,20071106
1452,20070826
1453,20070124
1454,20070421
1455,20071102
1456,20070710
1457,20070801
1458,20071215
1459,20070918
1460,20070608
1461,20070414
1462,20070206
1463,20070119
1464,20070325
1465,20070710
1466,20070502
1467,20070923
1468,20071004
1469,20070902
1470,20070522
1471,20071207
1472,20070607
1473,20071109
1474,20070922
1475,20071225
1476,20070325
1477,20070421
1478,20070718
1479,20070605
1480,20071204
1481,20071106
1482,20070509
1483,20070210
1484,20071213
1485,20070417
1486,20070722
1487,20070704
1488,20070916
1489,20070825
1490,20070428
1491,20070726
1492,20071201
1493,20070827
1494,20071125
1495,20070721
1506,20071024
1507,20070617
1508,20071228
1509,20070921
1510,20070404
1511,20070922
1512,20070714
1513,20070123
1514,20070704
1515,20070110
1516,20070222
1517,20071216
1518,20070411
1519,20070201
1520,20071221
1521,20070505
1522,20070201
1523,20070912
1524,20070617
1525,20070516
1526,20070508
1527,20070707
1528,20070104
1529,20070704
1530,20070510
1531,20070728
1532,20070812
1533,20071121
1534,20070718
1535,20071213
1536,20071008
1537,20071121
1538,20070915
1539,20070114
1540,20070410
1541,20070301
1542,20071004
1543,20071206
1544,20071209
1545,20070310
1546,20070215
1547,20070807
1548,20070918
1549,20070223
1550,20070119
1551,20071211
1552,20070428
1553,20071104
1554,20071202
1555,20071219
1556,20071101
1557,20070802
1558,20070428
1559,20071024
1560,20071213
1561,20070307
1562,20070421
1563,20071020
1564,20070524
1565,20070402
1566,20070823
1567,20070809
1568,20070914
1569,20070509
1570,20071219
1571,20071105
1572,20070610
1573,20071028
1574,20070721
1575,20070521
1576,20071223
1577,20070624
1578,20070809
1579,20070801
1580,20070819
1581,20071009
1582,20071008
1583,20070906
1584,20070725
1585,20070911
1586,20071211
1587,20071006
1588,20071022
1589,20070521
1590,20071104
1591,20070323
1592,20070520
1593,20070107
1594,20071127
1595,20071202
1596,20071128
1597,20071017
1598,20070423
1599,20070410
1600,20070712
1601,20070610
1602,20071220
1603,20070112
1604,20070126
1605,20070418
1606,20070509
1607,20070803
1608,20070105
1609,20071015
1610,20070823
1611,20070523
1612,20070604
1613,20071210
1614,20070622
1615,20070215
1616,20070916
1617,20070418
1618,20070503
1619,20071009
1620,20070520
1621,20070325
1622,20070303
1623,20071103
1624,20070608
1625,20070702
1626,20071026
1627,20071026
1628,20070523
1629,20071223
1630,20070507
1631,20071107
1632,20070623
1633,20070726
1634,20070226
1635,20071013
1636,20071125
1637,20071224
1638,20070922
1639,20070903
1640,20070802
1641,20070601
1642,20070619
1643,20071004
1644,20071213
1645,20070709
1646,20070723
1647,20070608
1648,20070215
1649,20070307
1650,20070201
1651,20070723
1652,20070801
1653,20070512
1654,20071128
1655,20070515
1656,20070324
1657,20071027
1658,20070606
1659,20070627
1660,20071220
1661,20070124
1662,20070615
1663,20071007
1664,20070521
1665,20070322
1666,20071109
1667,20070428
1668,20070824
1669,20070915
1670,20071223
1671,20070202
1672,20070216
1673,20070520
1674,20070910
1675,20070511
1676,20070404
1677,20070510
1678,20071025
1679,20071225
1680,20071208
1681,20070910
1682,20071015
1683,20071112
1684,20070711
1685,20070101
1686,20070304
1687,20071207
1688,20071012
1689,20070111
1690,20071102
1691,20071020
1692,20070604
1693,20070626
1694,20070922
1695,20071008
1696,20070815
1697,20070406
1698,20070322
1699,20071109
1700,20070725
1701,20071224
1702,20070114
1703,20071015
1704,20070603
1705,20070717
1706,20071104
1707,20071225
1708,20070317
1709,20070212
1710,20070313
1711,20070626
1712,20070401
1713,20070601
1714,20070902
1715,20071009
1716,20070622
1717,20070305
1718,20070706
1719,20071127
1720,20071011
1721,20071201
1722,20070121
1723,20071017
1724,20071113
1725,20071220
1726,20070816
1727,20070722
1728,20070613
1729,20070710
1730,20071103
1731,20070320
1732,20070213
1733,20070904
1734,20071028
1735,20070711
1736,20070612
1737,20071109
1738,20070301
1739,20070318
1740,20070718
1741,20070412
1742,20070802
1743,20070808
1744,20071221
1745,20070816
1746,20071117
1747,20070317
1748,20070420
1749,20070324
1750,20070305
1751,20070312
1752,20070819
1753,20070215
1754,20070627
1755,20071011
1756,20071021
1757,20070525
1758,20071117
1759,20071001
1760,20070922
1761,20070724
1762,20070508
1763,20071021
1764,20070916
1765,20070328
1766,20071008
1767,20071215
1768,20070818
1769,20070815
1770,20070520
1771,20070119
1772,20071004
1773,20071113
1774,20070922
1775,20070217
1776,20071121
1777,20070617
1778,20071226
1779,20071001
1780,20071127
1781,20070205
1782,20071206
1783,20070325
1784,20070912
1785,20070221
1786,20070211
1787,20070201
1788,20071225
1789,20071222
1790,20070111
1791,20071019
1792,20071227
1793,20070915
1794,20070428
1795,20070406
1796,20071007
1797,20071121
1798,20070622
1799,20070904
1800,20070618
1801,20070323
1802,20070115
1803,20070426
1804,20070508
1805,20071221
1806,20070812
1807,20070511
1808,20070719
1809,20070624
1810,20070320
1811,20071025
1812,20071113
1813,20071226
1814,20070815
1815,20070324
1816,20070710
1817,20070212
1818,20070214
1819,20070821
1820,20071226
1821,20070510
1822,20071105
1823,20071126
1824,20070427
1825,20071111
1826,20070328
1827,20070505
1828,20071125
1829,20070818
1830,20071027
1831,20071124
1832,20070312
1833,20070121
1834,20070912
1835,20071009
1836,20070407
1837,20071021
1838,20070209
1839,20071220
1840,20070815
1841,20070416
1842,20070114
1843,20070401
1844,20070505
1845,20071220
1846,20070321
1847,20071016
1848,20070504
1849,20070511
1850,20070803
1851,20070609
1852,20071217
1853,20070520
1854,20070308
1855,20070301
1856,20070211
1857,20071013
1858,20070522
1859,20071014
1860,20070901
1861,20070209
1862,20071120
1863,20070217
1864,20070324
1865,20070725
1866,20071213
1867,20070519
1868,20070104
1869,20071213
1870,20071120
1871,20071106
1872,20070324
1873,20071228
1874,20071227
1875,20070914
1876,20070417
1877,20070525
1878,20070328
1879,20071024
1880,20070806
1881,20070721
1882,20070604
1883,20071010
1884,20070215
1885,20070112
1886,20070912
1887,20071206
1888,20070813
1889,20070715
1890,20070221
1891,20070110
1892,20070718
1893,20070422
1894,20070212
1895,20070604
1896,20070818
1897,20070408
1898,20070114
1899,20071222
1900,20070824
1901,20071109
1902,20070822
1903,20070209
1904,20071205
1905,20070203
1906,20071016
1907,20070822
1908,20070114
1909,20071003
1910,20070719
1911,20070817
1912,20071018
1913,20070317
1914,20070422
1915,20070614
1916,20070622
1917,20070203
1918,20070903
1919,20070121
1920,20071205
1921,20070820
1922,20070707
1923,20070924
1924,20070308
1925,20070811
1926,20070727
1927,20070810
1928,20070505
1929,20070315
1930,20071212
1931,20070123
1932,20070713
1933,20070104
1934,20070923
1935,20070824
1936,20070614
1937,20070301
1938,20070809
1939,20070116
1940,20071113
1941,20071101
1942,20070219
1943,20071206
1944,20071028
1945,20070608
1946,20070314
1947,20070102
1948,20070813
1949,20070220
1950,20070302
1951,20070418
1952,20070203
1953,20070711
1954,20070604
1955,20070517
1956,20070301
1957,20070228
1958,20070712
1959,20070820
1960,20071211
1961,20070316
1962,20070410
1963,20070427
1964,20071101
1965,20070824
1966,20070404
1967,20071006
1968,20070313
1969,20070204
1970,20070211
1971,20070827
1972,20070309
1973,20070701
1974,20070707
1975,20070708
1976,20071110
1977,20070723
1978,20070305
1979,20070716
1980,20071107
1981,20070611
1982,20071102
1983,20070519
1984,20071228
1985,20070415
1986,20070814
1987,20070414
1988,20070101
1989,20070809
1990,20070524
1991,20071115
1992,20071015
1993,20071117
1994,20070626
1995,20070910
1996,20070716
1997,20070418
1998,20070208
1999,20070726
2000,20070205
2001,20070109
2002,20070226
2003,20070218
2004,20070628
2005,20071214
2006,20071201
2007,20070601
2008,20070706
2009,20070715
2010,20070619
2011,20070111
2012,20070507
2013,20070427
2014,20070426
2015,20070620
2016,20070918
2017,20071009
2018,20070217
2019,20070204
2020,20071125
2021,20071126
2022,20070827
2023,20070313
2024,20070509
2025,20070519
2026,20071126
2027,20070918
2028,20070310
2029,20070525
2030,20070426
2031,20071202
2032,20070718
2033,20070306
2034,20071107
2035,20070506
2036,20070228
2037,20070703
2038,20070325
2039,20071018
2040,20071015
2041,20070416
2042,20071012
2043,20070728
2044,20070310
2045,20070714
2046,20070902
2047,20070323
2048,20070417
2049,20070604
2050,20070114
2051,20070425
2052,20070908
2053,20070619
2054,20070701
2055,20070211
2056,20071114
2057,20070726
2058,20070505
2059,20070918
2060,20070420
2061,20070822
2062,20070612
2063,20070508
2064,20070804
2065,20070617
2066,20071214
2067,20070405
2068,20070224
2069,20070507
2070,20070610
2071,20070801
2072,20070622
2073,20070210
2074,20071013
2075,20071108
2076,20070306
2077,20070502
2078,20071120
2079,20070424
2080,20070317
2081,20070401
2082,20070316
2083,20071025
2084,20071102
2085,20071218
2086,20070615
2087,20071122
2088,20070611
2089,20070722
2090,20071219
2091,20070623
2092,20070308
2099,20070416
2100,20070801
2101,20071107
2102,20070628
2103,20070619
2104,20070702
2105,20070205
2106,20070520
2107,20070504
2108,20070908
2109,20071112
2110,20070807
2111,20070622
2112,20070315
2113,20070126
2114,20071207
2115,20070601
2116,20070107
2117,20070411
2118,20071207
2119,20070121
2120,20070904
2121,20070820
2122,20071019
2123,20071124
2124,20071224
2125,20070101
2126,20070327
2127,20070712
2128,20070405
2129,20071013
2130,20070728
2131,20070821
2132,20070920
2133,20070821
2134,20070324
2135,20070227
2136,20071105
2137,20071023
2138,20070216
2139,20071118
2140,20070511
2141,20070906
2142,20070202
2143,20070608
2144,20070824
2145,20070106
2146,20070706
2147,20070414
2148,20070126
2149,20070426
2150,20070511
2151,20070817
2152,20070222
2153,20070116
2154,20070205
2155,20071024
2156,20070618
2157,20070719
2158,20070413
2159,20070423
2160,20070709
2161,20070805
2162,20070207
2163,20070510
2164,20070902
2165,20071224
2166,20070101
2167,20070205
2168,20071019
2169,20070220
2170,20070312
2171,20071019
2172,20070827
2173,20070316
2174,20070903
2175,20070626
2176,20070325
2177,20071211
2178,20070513
2179,20070819
2180,20071226
2181,20070120
2182,20071107
2183,20070402
2184,20070406
2185,20070822
2186,20071219
2187,20070610
2188,20071103
2189,20070228
2190,20070214
2191,20071116
2192,20070905
2193,20070528
2194,20070115
2195,20070528
2196,20070622
2197,20071017
2198,20070815
2199,20070602
2200,20071212
2201,20070802
2202,20070520
2203,20070826
2204,20070120
2205,20070215
2206,20070707
2207,20070413
2208,20070223
2209,20071009
2210,20070917
2211,20070502
2212,20070319
2213,20071027
2214,20070124
2215,20070403
2216,20070704
2217,20070618
2218,20070413
2219,20070923
2220,20070511
2221,20071119
2222,20071027
2223,20071222
2224,20070314
2225,20070521
2226,20070828
2227,20070917
2228,20070702
2229,20070616
2230,20070116
2231,20070108
2232,20071228
2233,20070728
2234,20071006
2235,20071018
2236,20071116
2237,20070905
2238,20070411
2239,20071013
2240,20070528
2241,20070620
2242,20070115
2243,20070208
2244,20070115
2245,20070318
2246,20070508
2247,20070305
2248,20070516
2249,20070612
2250,20070111
2251,20070411
2252,20070424
2253,20070619
2254,20070424
2255,20070922
2256,20070814
2257,20071006
2258,20071123
2259,20070322
2260,20070921
2261,20071207
2262,20070406
2263,20070920
2264,20070221
2265,20070328
2266,20070507
2267,20070628
2268,20070401
2269,20070217
2270,20070219
2271,20070403
2272,20070622
2273,20070327
2274,20070522
2275,20071224
2276,20071110
2277,20070707
2278,20070815
2279,20070507
2280,20070616
2281,20071019
2282,20070107
2283,20070818
2284,20070115
2285,20070712
2286,20070517
2287,20070813
2288,20070214
2289,20071201
2290,20071206
2291,20070903
2292,20070722
2293,20070317
2294,20071002
2295,20070421
2296,20071112
2297,20070914
2298,20071014
2299,20071107
2300,20070208
2301,20070204
2302,20070307
2303,20070426
2304,20070527
2305,20070825
2306,20071121
2307,20070328
2308,20070402
2309,20070601
2310,20071121
2311,20070821
2312,20070622
2313,20070109
2314,20070204
2315,20071201
2316,20070213
2317,20070216
2318,20070418
2319,20070208
2320,20070611
2321,20070807
2322,20071026
2323,20070801
2324,20070424
2325,20070706
2326,20071210
2327,20070202
2328,20070116
2329,20070108
2330,20070411
2331,20070922
2332,20071114
2333,20070725
2334,20070127
2335,20071109
2336,20070520
2337,20070128
2338,20070915
2339,20071205
2340,20070504
2341,20070608
2342,20070416
2343,20071017
2344,20070501
2345,20070824
2346,20070927
2347,20071202
2348,20070923
2349,20070403
2350,20070304
2351,20070104
2352,20071114
2353,20070611
2354,20071007
2355,20070610
2356,20070505
2357,20070704
2358,20070612
2359,20071024
2360,20070828
2361,20070818
2362,20070525
2363,20070916
2364,20070627
2365,20071212
2366,20070412
2367,20070110
2368,20070224
2369,20070908
2370,20070814
2371,20070814
2372,20071009
2373,20070418
2374,20071019
2375,20070826
2376,20070216
2377,20070327
2378,20070425
2379,20071115
2380,20070502
2381,20070708
2382,20070128
2383,20070319
2384,20071106
2385,20070424
2386,20071222
2387,20070202
2388,20070218
2389,20070811
2390,20070923
2391,20071122
2392,20071024
2393,20071103
2394,20071106
2395,20070118
2396,20070622
2397,20070517
2398,20070809
2399,20070511
2400,20071102
2401,20070722
2402,20070812
2403,20070822
2404,20070513
2405,20070615
2406,20070907
2407,20070828
2408,20070825
2409,20070721
2410,20070713
2411,20070303
2412,20070808
2413,20071217
2414,20070221
2415,20070213
2416,20070825
2417,20071220
2418,20070608
2419,20070907
2420,20070608
2421,20071026
2422,20070119
2423,20070418
2424,20070206
2425,20070305
2426,20071006
2427,20070613
2428,20070519
2429,20070624
2430,20070601
2431,20070522
2432,20070820
2433,20070228
2434,20070209
2435,20070413
2436,20070115
2437,20070419
2438,20070101
2439,20071121
2440,20070927
2441,20071205
2442,20071102
2443,20070328
2444,20070312
2445,20070408
2446,20070912
2447,20070317
2448,20071109
2449,20071221
2450,20071205
2451,20070603
2452,20071205
2453,20070213
2454,20071218
2455,20070808
2456,20070202
2457,20071218
2458,20070115
2459,20070820
2460,20070725
2461,20070301
2462,20070303
2463,20071112
2464,20070419
2465,20070418
2466,20070503
2467,20070407
2468,20070507
2469,20070913
2470,20070813
2471,20070127
2472,20071110
2473,20070912
2474,20070421
2475,20071120
2476,20071221
2477,20071124
2478,20070423
2479,20070225
2480,20070703
2481,20070724
2482,20071022
2483,20071120
2484,20070419
2485,20070712
2486,20070213
2487,20071015
2488,20070418
2489,20070209
2490,20070522
2491,20070423
2492,20070813
2493,20070810
2494,20070612
2495,20070202
2496,20070322
2497,20071101
2498,20070905
2499,20070728
2500,20070124
2501,20070916
2502,20071006
2503,20070227
2504,20071113
2505,20070216
2506,20070226
2507,20071111
2508,20071213
2509,20070424
2510,20070418
2511,20071028
2512,20071215
2513,20070327
2514,20070126
2515,20070301
2516,20070720
2517,20070909
2518,20070222
2519,20071010
2520,20070109
2521,20071124
2522,20070518
2523,20070924
2524,20071022
2525,20071102
2526,20071114
2527,20070924
2528,20071111
2529,20071110
2530,20070525
2531,20070512
2532,20071009
2533,20070808
2534,20070220
2535,20070128
2536,20070620
2537,20070321
2538,20070203
2539,20071112
2540,20070528
2541,20070411
2542,20070516
2543,20070821
2544,20070724
2545,20070510
2546,20071024
2547,20070114
2548,20070925
2549,20070403
2550,20071108
2551,20071012
2552,20070306
2553,20070124
2554,20070518
2555,20070219
2556,20070123
2557,20071210
2558,20070503
2559,20071020
2560,20070817
2561,20070805
2562,20070315
2563,20071105
2564,20070712
2565,20070716
2566,20070916
2567,20070904
2568,20071107
2569,20071116
2570,20070425
2571,20071005
2572,20071227
2573,20070824
2574,20071112
2575,20070628
2576,20070713
2577,20070313
2578,20070303
2579,20070701
2580,20070302
2581,20071227
2582,20070807
2583,20071120
2584,20070710
2585,20070908
2586,20071116
2587,20070304
2588,20070516
2589,20070702
2590,20071022
2591,20070617
2592,20070613
2593,20070218
2594,20071109
2595,20071108
2596,20071120
2597,20070321
2598,20070925
2599,20070811
2600,20071219
2601,20071008
2602,20070508
2603,20070225
2604,20070625
2605,20070317
2606,20070822
2607,20070928
2608,20071006
2609,20070125
2610,20070518
2611,20070122
2612,20070727
2613,20070206
2614,20070223
2615,20070425
2616,20070103
2617,20071123
2618,20070610
2619,20070710
2620,20070914
2621,20071225
2622,20070121
2623,20070726
2624,20070411
2625,20071221
2626,20070811
2627,20071020
2628,20070915
2629,20070714
2630,20070322
2631,20070626
2632,20071106
2633,20071205
2634,20070220
2635,20070803
2636,20070214
2637,20070109
2638,20070513
2639,20070814
2640,20071210
2641,20071113
2642,20070522
2643,20070108
2644,20070821
2645,20070802
2646,20070228
2647,20070812
2648,20070713
2649,20070608
2650,20071209
2651,20070213
2652,20070517
2653,20070623
2654,20070510
2655,20071003
2656,20070206
2657,20071006
2658,20070112
2659,20070910
2660,20071020
2661,20070906
2662,20070409
2663,20070710
2664,20071101
2665,20070122
2666,20070709
2667,20070810
2668,20070301
2669,20070211
2670,20070110
2671,20070104
2672,20070427
2673,20070426
2674,20070628
2675,20071018
2676,20070916
2677,20070223
2678,20070224
2679,20070703
2680,20070908
2681,20071224
2682,20070325
2683,20070216
2684,20071213
2685,20070411
2686,20070525
2687,20070809
2688,20070723
2689,20070105
2690,20070903
2691,20071116
2692,20070808
2693,20070719
2694,20071007
2695,20071017
2696,20071117
2697,20070925
2698,20071215
2699,20070303
2700,20070101
2701,20071114
2702,20070520
2703,20071104
2704,20071112
2705,20070128
2706,20070315
2707,20070611
2708,20070523
2709,20071125
2710,20071122
2711,20070116
2712,20070516
2713,20070521
2714,20070323
2715,20070615
2716,20070103
2717,20070319
2718,20070316
2719,20070726
2720,20070718
2721,20070318
2722,20071204
2723,20070520
2724,20070201
2725,20071214
2726,20070420
2727,20070319
2728,20070306
2729,20070223
2730,20070409
2731,20071102
2732,20070106
2733,20070816
2734,20070107
2735,20070716
2736,20070924
2737,20071218
2738,20070717
2739,20070511
2740,20070317
2741,20070908
2742,20070909
2743,20070713
2744,20070922
2745,20070527
2746,20071011
2747,20070207
2748,20070103
2749,20070519
2750,20071205
2751,20070103
2752,20071211
2753,20070114
2754,20070713
2755,20070812
2756,20070721
2757,20071205
2758,20070321
2759,20070604
2760,20071216
2761,20070514
2762,20070725
2763,20070622
2764,20071009
2765,20070801
2766,20070716
2767,20070417
2768,20070321
2769,20071123
2770,20070412
2771,20070828
2772,20070119
2773,20070723
2774,20070101
2775,20070519
2776,20071010
2777,20070105
2778,20070226
2779,20070423
2780,20071020
2781,20070215
2782,20071202
2783,20070709
2784,20070306
2785,20070820
2786,20070107
2787,20071121
2788,20070901
2789,20070804
2790,20070325
2791,20071117
2792,20070714
2793,20070915
2794,20071202
2795,20071024
2796,20070807
2797,20071211
2798,20070806
2799,20071016
2800,20070503
2801,20071107
2802,20070712
2803,20071206
2804,20070608
2805,20071019
2806,20070824
2807,20070411
2808,20070727
2809,20071028
2810,20070910
2811,20070401
2812,20070922
2813,20070209
2814,20071105
2815,20070414
2816,20070712
2817,20071206
2818,20071002
2926,20070217
2927,20071017
2928,20070903
2929,20070206
2930,20070201
2931,20070315
2932,20071008
2933,20070107
2934,20070117
2935,20070614
2936,20070225
2937,20071220
2938,20070702
2939,20070311
2940,20070926
2941,20070622
2942,20070815
2943,20070201
2944,20070609
2945,20070728
2946,20070511
2947,20070928
2948,20070703
2949,20070323
2950,20071026
2951,20071102
2952,20071207
2953,20070412
2954,20070203
2955,20071027
2956,20070328
2957,20070415
2958,20070715
2959,20070218
2960,20070210
2961,20070404
2962,20070502
2963,20070917
2964,20070527
2965,20070221
2966,20070127
2967,20071125
2968,20071128
2969,20071012
2970,20070922
2971,20070108
2972,20070908
2973,20071028
2974,20070505
2975,20070904
2976,20070223
2977,20070827
2978,20070716
2979,20070307
2980,20070503
2981,20070919
2982,20070122
2983,20070621
2984,20070425
2985,20070621
2986,20070620
2987,20070826
2988,20070417
2989,20070919
2990,20070628
2991,20071018
2992,20070404
2993,20070811
2994,20070707
2995,20070727
2996,20071115
2997,20070717
2998,20070701
2999,20070510
3000,20071025
3001,20070423
3002,20070425
3003,20070716
3004,20070522
3005,20070603
3006,20070414
3007,20070316
3008,20070106
3009,20071004
3010,20070501
3011,20070602
3012,20070224
3013,20070810
3014,20070724
3015,20070226
3016,20070119
3017,20070225
3018,20071110
3019,20070728
3020,20070828
3021,20071225
3022,20070906
3023,20070825
3024,20070127
3025,20071216
3026,20071005
3027,20070817
3028,20070404
3029,20070312
3030,20070422
3031,20070321
3032,20071223
3033,20070703
3034,20070414
3035,20071207
3036,20071118
3037,20071021
3038,20070303
3039,20070405
3040,20070317
3041,20070902
3042,20070820
3043,20070123
3044,20070203
3045,20070211
3046,20070528
3047,20070603
3048,20070316
3049,20070815
3050,20070820
3051,20071221
3052,20071118
3053,20071201
3054,20070413
3055,20071101
3056,20070325
3057,20070615
3058,20070704
3059,20070526
3060,20070420
3061,20070421
3062,20071021
3063,20070318
3064,20071128
3065,20070128
3066,20070317
3067,20070207
3068,20070513
3069,20071125
3070,20070127
3071,20070717
3072,20070426
3073,20070208
3074,20070207
3075,20070509
3076,20070228
3077,20070227
3078,20071011
3079,20071028
3080,20070722
3081,20070508
3082,20070421
3083,20071114
3084,20070309
3085,20070908
3086,20070301
3087,20071209
3088,20071106
3089,20071205
3090,20071015
3091,20070305
3092,20070426
3093,20070214
3094,20070326
3095,20070901
3096,20070511
3097,20070209
3098,20070203
3099,20070822
3100,20071025
3101,20070420
3102,20071118
3103,20070928
3104,20071118
3105,20071003
3106,20070816
3107,20070109
3108,20070102
3109,20070316
3110,20070716
3111,20070113
3112,20071005
3113,20070912
3114,20070428
3115,20070716
3116,20070908
3117,20070604
3118,20070817
3119,20070306
3120,20070512
3121,20070423
3122,20071226
3123,20070505
3124,20070604
3125,20070628
3126,20070228
3127,20070127
3128,20071001
3129,20070821
3130,20070608
3131,20070621
3132,20071106
3133,20070101
3134,20070912
3135,20070409
3136,20071115
3137,20070817
3138,20070426
3139,20070823
3140,20070618
3141,20071126
3142,20071021
3143,20070527
3144,20070902
3145,20071001
3146,20070218
3147,20070210
3148,20070908
3149,20070122
3150,20070410
3151,20070508
3152,20070514
3153,20071022
3154,20070705
3155,20070610
3156,20070404
3157,20071104
3158,20070401
3159,20070711
3160,20070604
3161,20070301
3162,20070423
3163,20070124
3164,20071003
3300,20071113
3301,20070419
3302,20070320
3303,20071112
3304,20070117
3305,20071111
3306,20070805
3307,20071105
3308,20071101
3309,20070411
3310,20070108
3311,20070112
3312,20071203
3313,20070607
3314,20071107
3315,20071208
3316,20070526
3317,20070706
3318,20070714
3319,20070310
3320,20070413
3321,20070504
3322,20070325
3323,20070814
3324,20071220
3325,20070326
3326,20070827
3327,20070809
3328,20070106
3329,20070419
3330,20070606
3331,20070119
3332,20070704
3333,20071227
3334,20070920
3335,20070902
2,20070507
3,20070521
4,20070620
5,20070511
1146,20070923
1147,20071203
1148,20071113
1149,20070415
1150,20070128
1151,20070827
1152,20071013
1153,20071205
1154,20070123
1155,20070807
1156,20070822
1157,20071222
1158,20070807
1159,20070626
1160,20070726
1161,20071017
1162,20070605
1163,20070920
1164,20070610
1165,20071107
1166,20070115
1167,20071219
1168,20070115
1169,20070311
1170,20070215
1171,20070712
1172,20071002
1173,20070517
1201,20070417
1202,20071013
1203,20070914
1204,20071212
1205,20070122
1206,20071016
1207,20070412
1208,20070223
1209,20071005
1210,20070619
1211,20070806
1496,20071212
1497,20070723
1498,20070512
1499,20070405
1500,20070523
1501,20070114
1502,20070415
1503,20070427
1504,20070922
1505,20070425
2093,20070628
2094,20070309
2095,20070628
2096,20070523
2097,20070920
2098,20070909
3225,20070304
3253,20071002
3254,20070424
3255,20071007
3256,20070827
3257,20070625
3258,20070617
3259,20070108
3260,20071222
3261,20071121
3262,20071217
3263,20070225
3264,20070413
3265,20071216
3266,20070206
3267,20070228
3268,20071118
3269,20070406
3270,20071026
3271,20071211
3272,20071011
3273,20070709
3274,20070502
3275,20070108
3276,20070626
3277,20070613
3278,20071209
3279,20070223
3280,20070613
3281,20070914
3282,20071118
3283,20071023
3284,20070316
3285,20070122
3286,20070227
3287,20071205
3288,20071211
3289,20071206
3290,20071212
3291,20070926
3292,20070226
3293,20070317
3294,20071116
3295,20070806
3296,20070122
3297,20070815
3298,20070422
3299,20070923
3365,20071210
3366,20070903
3367,20070505
3368,20071007
3369,20070718
3370,20070124
3371,20071009
3372,20070226
3373,20070307
3374,20070827
3375,20071105
3376,20070803
3377,20070916
3378,20070119
3379,20071026
3380,20071017
3381,20070508
3382,20070309
3383,20070822
3384,20070504
3385,20070207
3386,20070816
3387,20070510
3388,20070621
3389,20071020
3390,20070627
3391,20070219
3392,20070407
3393,20071217
3394,20070421
3395,20070808
3396,20071006
3397,20071016
3398,20070416
3399,20070910
3400,20070917
3401,20070326
3403,20070611
3404,20070520
3405,20070915
3406,20070625
3407,20070308
3408,20070426
3409,20071114
3410,20070502
3411,20070726
3412,20070115
3413,20070810
3415,20071127
3416,20070817
3417,20070128
3418,20071224
3419,20070321
3420,20070213
3421,20070114
3422,20070603
3423,20070822
3424,20070728
3425,20070925
3426,20070918
3427,20070614
3430,20070819
3431,20070916
3432,20070127
3433,20071110
3434,20071115
3435,20070606
3436,20070802
3437,20070707
3438,20071011
3439,20070311
3440,20070521
3441,20070216
3442,20070409
3443,20071105
3444,20071122
3445,20070913
3446,20070821
3447,20071008
3448,20070525
3449,20070406
3450,20070406
3451,20070926
3453,20070719
3454,20070325
3455,20071214
3456,20070601
3457,20070902
3458,20070415
3459,20070812
3460,20071108
3461,20070301
3462,20070214
3463,20070116
3464,20070717
3465,20071013
3466,20070712
3467,20071022
3468,20070707
3469,20070202
3470,20070506
3471,20070101
3472,20070128
3473,20070228
3474,20070502
3475,20070905
3476,20070117
3477,20070127
3478,20070924
3481,20070917
3482,20070926
3483,20071106
3484,20070722
3485,20070425
3486,20071005
3487,20070914
3488,20070809
3489,20070308
3490,20070508
3491,20070811
3492,20071224
3493,20070206
3494,20070211
3495,20070414
3497,20070405
3499,20070503
3500,20071210
3501,20070805
3502,20070602
3503,20070113
2819,20070321
2820,20071227
2821,20070626
2822,20070326
2823,20070419
2824,20070707
2825,20070512
2826,20070511
2827,20070215
2828,20070806
2829,20070223
2830,20070607
2831,20070617
2832,20071225
2833,20070113
2834,20071124
2835,20070708
2836,20070913
2837,20070521
2838,20070724
2839,20070516
2840,20070905
2841,20070411
2842,20071104
2843,20071107
2844,20070705
2845,20070217
2846,20071101
2847,20070212
2848,20070321
2849,20070307
2850,20070511
2851,20071120
2852,20070104
2853,20070514
2854,20071218
2855,20070818
2856,20070125
2857,20070516
2858,20070723
2859,20070516
2860,20070326
2861,20070605
2862,20070115
2863,20071115
2864,20070911
2865,20070820
2866,20070622
2867,20070624
2868,20070106
2869,20070925
2870,20070801
2871,20070422
2872,20070723
2873,20070324
2874,20071220
2875,20070312
2876,20070928
2877,20070415
2878,20071223
2879,20070726
2880,20070810
2881,20070627
2882,20071027
2883,20070419
2884,20071027
2885,20070920
2886,20070502
2887,20070910
2888,20071122
2889,20070111
2890,20071016
2891,20071217
2892,20070911
2893,20070408
2894,20070411
2895,20070724
2896,20070410
2897,20070315
2898,20070724
2899,20070726
2900,20070705
2901,20071005
2902,20071018
2903,20070814
2904,20070723
2905,20070811
2906,20070118
2907,20071023
2908,20071215
2909,20071214
2910,20071208
2911,20070227
2912,20070301
2913,20071013
2914,20070922
2915,20070619
2916,20070716
2917,20070207
2918,20070911
2919,20070615
2920,20070615
2921,20070114
2922,20071120
2923,20071119
2924,20071110
2925,20071004
3165,20070225
3166,20070601
3167,20070317
3168,20071206
3169,20070910
3170,20070210
3171,20071027
3172,20070921
3173,20070413
3174,20070402
3175,20070406
3176,20070517
3177,20071215
3178,20071001
3179,20070214
3180,20070903
3181,20070401
3182,20070506
3183,20071014
3184,20070516
3185,20070916
3186,20070412
3187,20070914
3188,20070319
3189,20070313
3190,20071127
3191,20070618
3192,20070727
3193,20070821
3194,20070525
3195,20071124
3196,20070512
3197,20070425
3198,20070217
3199,20070403
3200,20070611
3201,20070523
3202,20071006
3203,20070723
3204,20070315
3205,20070218
3206,20070607
3207,20070309
3208,20071124
3209,20070705
3210,20070925
3211,20070928
3212,20070316
3213,20071117
3214,20070704
3215,20070505
3216,20071105
3217,20071216
3218,20070712
3219,20070505
3220,20070802
3221,20070416
3222,20071126
3223,20071020
3224,20070104
3226,20071112
3227,20070803
3228,20070806
3229,20071221
3230,20070915
3231,20071025
3232,20070617
3233,20070528
3234,20070909
3235,20071110
3236,20070604
3237,20070428
3238,20070116
3239,20070117
3240,20070508
3241,20070718
3242,20071111
3243,20071117
3244,20070212
3245,20070621
3246,20070505
3247,20070524
3248,20071007
3249,20071006
3250,20071220
3251,20070613
3252,20070509
3337,20070821
3338,20070723
3339,20071206
3340,20070801
3341,20070422
3342,20071207
3343,20070111
3344,20070402
3345,20070902
3346,20071114
3347,20070111
3348,20070122
3360,20070307
3361,20071121
3362,20070503
3363,20071203
3364,20070506
3402,20071202
3428,20070426
3429,20071216
3336,20071024
3414,20070202
3452,20071213
3479,20070405
3480,20070803
3496,20070414
3498,20070220
3349,20070524
3350,20071211
3351,20070419
3352,20070822
3353,20070518
3354,20070207
3355,20071105
3356,20071012
3357,20070811
3358,20070608
3359,20070118
